{
	"appId": "io.nutritlens.app",
	"appName": "NutriLens",
	"webDir": "dist/public",
	"server": {
		"androidScheme": "https",
		"iosScheme": "https",
		"hostname": "app",
		"cleartext": true
	},
	"ios": {
		"contentInset": "automatic",
		"allowsLinkPreview": false,
		"backgroundColor": "#ffffff",
		"preferredContentMode": "mobile",
		"scheme": "nutritlens"
	},
	"plugins": {
		"Camera": {
			"permissions": {
				"allow": [
					"camera"
				],
				"usage": "The app uses your camera to analyze food and calculate nutrition information."
			}
		},
		"SplashScreen": {
			"launchAutoHide": true,
			"backgroundColor": "#ffffff",
			"showSpinner": true,
			"spinnerColor": "#4caf50"
		}
	},
	"packageClassList": [
		"CAPCameraPlugin"
	]
}
